,ticker,date,time,headline
0,MSFT,Mar-30-21,02:27PM,"Buy, Sell, or Hold the News From Zoom, Microsoft, and More?"
1,MSFT,Mar-30-21,10:37AM,Billionaire Chris Rokos Top 10 Stock Picks
2,MSFT,Mar-30-21,10:36AM,Dow Jones Dips As Treasury Yields Rise; Apple Falls As Tech Struggles; Google Parent Upgraded
3,MSFT,Mar-30-21,09:49AM,Semiconductor shortage could go on for 'a couple of years': Cisco CEO
4,MSFT,Mar-30-21,09:08AM,"Microsoft targets 50,000 jobs with LinkedIn 're-skilling' effort"
5,MSFT,Mar-30-21,09:03AM,"Microsoft targets 50,000 jobs with LinkedIn 're-skilling' effort"
6,MSFT,Mar-30-21,08:00AM,"Best Tech Stocks To Buy Or Watch Now: Twitter, Facebook, 3 Other Top Stocks Hold Up Amid Tech Sell-Off"
7,MSFT,Mar-30-21,08:00AM,30 million people worldwide acquire digital skills during COVID-19
8,MSFT,Mar-30-21,06:15AM,"Tech Stocks Roundup: Jim Cramer on Peloton, Shopify and PayPal"
9,MSFT,Mar-29-21,04:05PM,Is Shopify Stock A Buy After Retreating To Long-Term Support?
10,MSFT,Mar-29-21,02:01PM,Cisco CEO predicts 'some version' of Biden's gigantic infrastructure proposal will pass
11,MSFT,Mar-29-21,12:55PM,We must balance higher corporate taxes with the need to stay competitive globally: Cisco CEO
12,MSFT,Mar-29-21,11:53AM,Analyst Ratings for Microsoft
13,MSFT,Mar-29-21,10:56AM,Cisco CEO on Bidens recovery proposal: 'Modern technology infrastructure is a must'
14,MSFT,Mar-29-21,10:49AM,Cisco CEO on next-gen tech under Biden admin
15,MSFT,Mar-29-21,10:11AM,Nokia (NOK) Strengthens Market Position With Multiple Deals
16,MSFT,Mar-29-21,10:00AM,Microsoft (MSFT) to Invest in Boosting Cloud Presence in Canada
17,MSFT,Mar-29-21,09:15AM,"Cognizant (CTSH) Expands Automotive Footprint, Buys ESG Mobility"
18,MSFT,Mar-29-21,06:41AM,Next Stock Market Crash: 2 Bulletproof Value Stocks to Buy
19,MSFT,Mar-29-21,05:51AM,"These 6 Dividend Stocks Pay $82 Billion a Year, Combined, to Their Shareholders"
20,MSFT,Mar-29-21,05:02AM,"Market Recap With Jim Cramer: Discord, Tesla, Reopening Stocks"
21,MSFT,Mar-29-21,05:00AM,"Zoom, Other WFH Tech Darlings, Risk User Exodus as the World Reopens"
22,MSFT,Mar-27-21,10:25AM,Apex Technology Acquisition Looks Good Especially as SPAC Exhaustion Sets In
23,MSFT,Mar-27-21,09:56AM,"Is Now The Time To Buy Stock In Microsoft, Disney, Apple Or Nike?"
24,MSFT,Mar-27-21,07:52AM,Intel's new CEO was pushed out of the company years ago here's how he came back
25,MSFT,Mar-27-21,07:01AM,Four Ways to Buy the Dip
26,MSFT,Mar-26-21,08:00PM,Four Tech Stocks That Could Be Winners
27,MSFT,Mar-26-21,06:32PM,Microsoft Launches Decentralized Identity Platform ION On Bitcoin's Blockchain
28,MSFT,Mar-26-21,02:37PM,Tech stocks are going to do vey well going forward: Expert
29,MSFT,Mar-26-21,01:19PM,"Dow, Tech Stocks Rally As Treasury Yields Jump; Boeing At New Buy Point, While Tesla Slides"
30,MSFT,Mar-26-21,12:28PM,Facebook to Start Reopening Silicon Valley Offices in May
31,MSFT,Mar-26-21,11:16AM,"10 best tablets for drawing, gaming and films"
32,MSFT,Mar-26-21,08:09AM,"The Zacks Analyst Blog Highlights: Dynatrace, NVIDIA, Apple, Cerence and Microsoft"
33,MSFT,Mar-26-21,07:15AM,4 Stocks That Could Set You Up for Life
34,MSFT,Mar-26-21,01:17AM,"GameStop, Elon Musk, Microsoft and Discord, Ford - 5 Things You Must Know"
35,MSFT,Mar-25-21,05:45PM,Microsoft (MSFT) Stock Sinks As Market Gains: What You Should Know
36,MSFT,Mar-25-21,02:32PM,Trust No One Becomes Mantra After Massive Cyber-Attacks
37,MSFT,Mar-25-21,01:08PM,"Dow Jones Reverses Higher As Stocks Recover, But Nike Still Down Hard"
38,MSFT,Mar-25-21,01:02PM,Treasury bonds and the dollar are flashing warning signs for stocks
39,MSFT,Mar-25-21,10:30AM,Many Businesses See Hybrid Work Continuing After Pandemic
40,MSFT,Mar-25-21,09:19AM,Ray Dalio says there's a bubble that's 'halfway' to the magnitude of 1929 or 2000
41,MSFT,Mar-25-21,08:23AM,Artificial Intelligence to Reign Post-Pandemic World: 5 Picks
42,MSFT,Mar-25-21,08:07AM,"9 best laptops for kids that have good storage, battery life and speed"
43,MSFT,Mar-25-21,08:05AM,10 best keyboards: Wireless and wired models for quick and easy typing
44,MSFT,Mar-25-21,06:25AM,"Tech stocks, with the exception of one, are 'frustrating a lot of investors': analyst"
45,MSFT,Mar-25-21,06:05AM,Is GameStop Stock a Buy?
46,MSFT,Mar-25-21,06:00AM,Ray Dalio: Current bubble halfway to 2000 and 1929
47,MSFT,Mar-25-21,03:14AM,Bill Gates says world should be back to normal by end-2022 due to vaccines-Polish media
48,MSFT,Mar-24-21,04:53PM,Bill Gates-Backed Vicarious Is in Talks to Merge With D8 SPAC
49,MSFT,Mar-24-21,01:56PM,Billionaire Jorge Paulo Lemanns Top 10 Stock Picks
50,MSFT,Mar-24-21,01:37PM,Dow Jones Rallies As These Plays Flourish; GameStop Sinks; Fed Chair Powell Testifies
51,MSFT,Mar-24-21,12:45PM,New Slack update lets you message anyone at all who uses the app
52,MSFT,Mar-24-21,12:23PM,"Dow Jumps 300 Points But Nasdaq Trips Ahead Of Powell, Yellen; GameStop Crashes"
53,MSFT,Mar-24-21,11:55AM,Bull Call Spread For Microsoft Stock Takes Advantage Of Low Volatility
54,MSFT,Mar-24-21,11:30AM,Is Microsoft (MSFT) Outperforming Other Computer and Technology Stocks This Year?
55,MSFT,Mar-24-21,11:26AM,Is this Possible Acquisition a Smart Move for Microsoft?
56,MSFT,Mar-24-21,11:07AM,10 Biggest Industries in the World in 2021
57,MSFT,Mar-24-21,11:06AM,Microsoft Invests In Canada For Post Pandemic Digital Recovery
58,MSFT,Mar-24-21,10:50AM,Amazon couldnt have found a better pick for its new cloud CEO: analyst
59,MSFT,Mar-24-21,09:45AM,"Company News for Mar 24, 2021"
60,MSFT,Mar-24-21,08:14AM,"Dow Jones Futures Signal Stock Market Rally As Intel Reclaims Buy Point, Lifts Chip-Gear Giants; GME Stock Falls On Earnings"
61,MSFT,Mar-24-21,08:00AM,Microsoft Announces Significant Investments to Further Canadian Innovation and Growth
62,MSFT,Mar-24-21,07:16AM,Could Appian Be a Millionaire-Maker Stock?
63,MSFT,Mar-24-21,06:00AM,Microsoft CEO Hunts Anew for Creator Hub After TikTok Bid Fails
64,MSFT,Mar-24-21,05:14AM,Why Is Microsoft Interested In Acquiring Discord?
65,MSFT,Mar-24-21,05:02AM,"Morning Bell With Jim Cramer: Wells Fargo, SPACs, Discord"
66,MSFT,Mar-23-21,09:48PM,Nintendo to Use Faster Nvidia Chips in New 2021 Switch Model
67,MSFT,Mar-23-21,06:09PM,Amazon Names Selipsky to Lead Cloud After Jassy Becomes CEO
68,MSFT,Mar-23-21,05:05PM,Intel doubles down on chip manufacturing with $20 billion investment
69,MSFT,Mar-23-21,04:41PM,Discord Would Give Microsoft a $10 Billion Place to Talk
70,MSFT,Mar-23-21,04:36PM,"Microsoft, IBD Stock Of The Day, Nears Buy Point After Rebounding"
71,MSFT,Mar-23-21,03:28PM,"Dow Jones, Nasdaq Fall As Janet Yellen, Jerome Powell Testify; Large-Cap Tech Stocks Outperform"
72,MSFT,Mar-23-21,03:01PM,Jim Cramer: When the Market Hits a Crescendo
73,MSFT,Mar-23-21,01:59PM,"Dow Jones Dips, But Microsoft, Chevron Show Strength; Adobe Powers Higher Ahead Of Earnings"
74,MSFT,Mar-23-21,01:15PM,Gamers turned Discord into a $10 billion juggernaut
75,MSFT,Mar-23-21,01:06PM,Canada Skills Program Expanded to Eight Additional Post-Secondary Institutions
76,MSFT,Mar-23-21,12:21PM,"Dow Jones Trims 100-Point Loss Ahead Of Powell Testimony; Microsoft, Netflix Rally"
77,MSFT,Mar-23-21,12:06PM,Microsoft Reportedly Holding Talks on Buying Chat Platform Discord
78,MSFT,Mar-23-21,11:12AM,Microsoft looks to buy Discord for $10 billion: rpt
79,MSFT,Mar-23-21,10:02AM,Microsoft (MSFT) Reportedly Mulling Discord Buyout for Over $10B
80,MSFT,Mar-23-21,09:51AM,"Dow Jones Today, Stocks Tightly Mixed Ahead Of Powell/Yellen Hearing; China Stocks Stumble After U.S. Sanctions"
81,MSFT,Mar-23-21,09:39AM,Microsoft in Talks to Buy Discord for More Than $10 Billion
82,MSFT,Mar-23-21,09:30AM,COVID-19 market crash: reflecting one year later
83,MSFT,Mar-23-21,09:16AM,"Report: Microsoft in Talks to Acquire Discord, a Gamer Chat Operator, for Over $10 Billion"
84,MSFT,Mar-23-21,08:57AM,Tech Giants to Watch as COVID-19 Vaccination Drive Ramps Up
85,MSFT,Mar-23-21,08:43AM,"Skyworks, Beyond Meat, Sony, Microsoft and Capcom highlighted as Zacks Bull and Bear of the Day"
86,MSFT,Mar-23-21,07:19AM,"The Zacks Analyst Blog Highlights: iRobot, Microsoft, Apple, NVIDIA and Tivity Health"
87,MSFT,Mar-23-21,06:43AM,Xbox Live renamed Xbox network by Microsoft after 18 years
88,MSFT,Mar-23-21,05:59AM,"LIVE: Jim Cramer on Reopening, Roblox, Discord, SPACs, Stocks Today"
89,MSFT,Mar-23-21,02:40AM,Microsoft Reportedly in Talks to Buy Discord for More Than $10 Billion
90,MSFT,Mar-23-21,01:13AM,"Microsoft, GameStop, AstraZeneca, Fed's Powell: 5 Things You Must Know"
91,MSFT,Mar-23-21,12:05AM,Microsoft Said To Be In Discussions To Acquire Discord For Over $10B
92,MSFT,Mar-22-21,11:24PM,Microsoft reportedly in talks to buy Discord for more than $10 billion
93,MSFT,Mar-22-21,10:31PM,Microsoft in talks to acquire Discord for more than $10 billion - Bloomberg News
94,MSFT,Mar-22-21,06:48PM,Slack goes down as hundreds of users hit with mystery outage - live updates
95,MSFT,Mar-22-21,05:54PM,Microsoft in talks to acquire Discord for more than $10 billion: Bloomberg News
96,MSFT,Mar-22-21,04:09PM,Thousands of Microsoft Exchange Servers Still Compromised After Patches
97,MSFT,Mar-22-21,04:07PM,"Dow Jones, Nasdaq Close Slightly Off Intraday Highs; These Chip Stocks Form New Bases"
98,MSFT,Mar-22-21,03:17PM,Microsoft announces a move back to the office for some workers
99,MSFT,Mar-22-21,03:15PM,Microsoft to start bringing some employees back to offices on March 29
